
October 2002 15 15
14 Arthur Norman <acn1@cam.ac.uk> (2007-06)
15 Norman Ramsey <nr@eecs.harvard.edu> (2007-07)
23 Camm Maguire <camm@enhanced.com>, (2013-11)
                <camm@sympatico.ca>,
                <Camm Maguire.integrable-solutions.net>,
                <camm@debian.org>,
                <camm@maguirefamily.org>,
                <camm@happiness.m.enhanced.com>
25 Robert Morelli <morelli@cs.utah.edu> (2002-11)
26 Philippe Toffin <toffin@math.unicaen.fr> (2002-11)
31 Bill Page <bill.page1@sympatico.ca>, (2014-04)
             <Bill.Page@drdc-rddc.gc.ca>,
             <Bill.page1@sympatico.ca>,
             <bill.page1@enhanced.com>,
             <Bill.page@sympatico.ca>,
             <bill.page@drdc-rddc.gc.ca>,
             <bill.page1@synthesis.anikast.ca>,
             <Bill.Page@drdc-rddc.gc.ca>,
             <bill.page@xplornet.com>,
             <bill.page@newsynthesis.org>

November 2002 153   168
01 Nikolay Vassiliev <vasiliev@pdmi.ras.ru> (2002-11)
   Nicolas M. Thiery <nthiery@users.sourceforge.net>, (2008-11)
                     <Nicolas.Thiery@math.u-psud.fr>
   Dylan Thurston <dpt@math.harvard.edu> (2009-08)
   Barry Trager <bmt@us.ibm.com> (2005-11)
   Carlo Traverso <traverso@dm.unipi.it> (2002-11)
   Theodore Thomas Tsikas <themos@nag.co.uk> (2007-09)
   Gioia M. Vago <vago@u-bourgogne.fr> (2002-11)
   Joris van der Hoeven <Joris.VanDerHoeven@math.u-psud.fr> (2006-10)
   Leonid Vaserstein <vstein@math.psu.edu> (2002-11)
07 Andrey G. Grozin <A.G.Grozin@inp.nsk.su> (2007-09)
   Mike Dewar <miked@nag.co.uk> (2009-12)
   Martin Rubey <martin.rubey@univie.ac.at>, (2010-07)
                <axiomize@yahoo.de>,
                <rubey@aquin.mat.univie.ac.at>,
                <martin.rubey@math.uni-hannover.de>
   Tim Daly Jr. <tim@tenkan.org> (2005-11)
20 Mike Thomas <mike.thomas@brisbane.paradigmgeo.com>, (2006-03)
               <mthomas@gil.com.au>,
               <mike.thomas@paradigmgeo.com>,
               <miketh@paradigmgeo.com.integrable-solutions.net>
               <miketh@paradigmgeo.com>
22 Earnie Boyd <earnie_boyd@yahoo.com> (2003-06)
23 Manuel Bronstein <Manuel.Bronstein@sophia.inria.fr>,  (2005-01)
                    <Manuel.Bronstein@acm.org>
   William Sit <wyscc@cunyvm.cuny.edu>, (2014-05)
               <wsit@ccny.cuny.edu>,
               <wyscc@sci.ccny.cuny.edu>
24 Bertfried Fauser <fauser@spock.physik.uni-konstanz.de>,  (2009-12)
                    <Bertfried.Fauser@uni-konstanz.de>,
                    <bertfried.fauser@googlemail.com>
   Anthony B. Coates <abcoates@TheOffice.net> (2002-11)
25 Johannes Hesing  <tmi0m0@spi.power.uni-essen.de> (2002-11)
26 Michel Lavaud <michel.lavaud@univ-orleans.fr>, (2007-11)
                 <michel.lavaud@cegetel.net>
   David Cyganski <cyganski@ece.WPI.EDU>, (2008-06)
                  <cyganski@ece.wpi.edu>
27 Sam Tannous <stannous@cisco.com> (2002-11)

December 2002  20   188
09 Stephen Watt <watt@scl.csd.uwo.ca> (2011-10)

January 2003   7   195
04 David Mentre <dmentre@linux-france.org>, (2006-08)
                <david.mentre@wanadoo.fr>,
                <david.mentre@gmail.com>
   Frederic Lehobey <Frederic.Lehobey@free.fr>, (2007-12)
                    <sciences@rmll.info>

February 2003  34   229

March 2003  13   242

April 2003  31   273
08 Don Peterson <donp@gdssw.com> (2003-04)
27 Juergen Weiss <weiss@uni-mainz.de> (2007-08)

May 2003  66   339
03 James H. Cloos Jr. <cloos@jhcloos.com> (2011-08)
11 Paul F. Dietz <dietz@dls.net> (2007-05)
25 Gilbert Baumslag <gilbert@sci.ccny.cuny.edu>, (2008-01)
                    <gilbert@groups.sci.ccny.cuny.edu>,
                    <gilbert.baumslag@gmail.com>

June 2003  92   431
09 Ayal Pinkus <apinkus@xs4all.nl> (2007-07)
10 Jason White <jasonjgw@pacific.net.au>, (2005-02)
               <jasonw@ariel.its.unimelb.edu.au>
20 Henry Baker <hbaker1@pipeline.com>, (2013-09)
               <ax87438@martinb.com>
21 Martin Dunstan <mnd@dcs.st-andrews.ac.uk>, (2004-03)
                  <mnd@dcs.st-and.ac.uk>
22 Werner M. Seiler <seilerw@ira.uka.de> (2006-02)
24 Cliff Yapp <smustudent1@yahoo.com>, (2011-11)
              <cliffyapp@cox.net>
25 Earnie Boyd <earnie_boyd@yahoo.com> (2003-06)
27 James Amundson <amundson@users.sourceforge.net> (2005-09)

July 2003 222   653
14 Michael Wester <wester@math.unm.edu> (2003-07)
   Richard Fateman <fateman@cs.berkeley.edu> (2010-07)
   Richard Stallman <rms@gnu.org> (2007-06)
   David Turner <novalis@fsf.org> (2003-07)
   Sam Steingold <sds@gnu.org> (2003-07)
18 Stavros Macrakis <stavros.macrakis@verizon.net>, (2006-12)
                    <macrakis@alum.mit.edu>
22 Thomas F. Burdick <tfb@OCF.Berkeley.EDU> (2003-07)
24 Bakul Shah <bakul@bitblocks.com> (2003-07)
25 Nicolas Neuss <Nicolas.Neuss@iwr.uni-heidelberg.de> (2006-03)
29 Fergus Henderson <fjh@cs.mu.OZ.AU> (2003-07)
31 Tom Tromey <tromey@redhat.com> (2003-07)

August 2003 156   809
13 Matt Kaufmann <kaufmann@cs.utexas.edu> (2013-09)
   J Moore <moore@cs.utexas.edu> (2010-10)
18 Marissa Krupa <suse@suse.de> (2003-08)
20 Jun Furuse <Jun.Furuse@inria.fr> (2003-08)
21 Bernice Ravitz <bernice@rio.sci.ccny.cuny.edu> (2005-04)
24 Daniel Lazard <Daniel.Lazard@lip6.fr> (2003-08)
26 Ulrich Kortenkamp <kortenkamp@inf.fu-berlin.de> (2003-08)

September 2003 282  1091
02 Keith Harrison <kah@hplb.hpl.hp.com> (2003-09)
04 Aurelien Chanudet <ralubrik@yahoo.fr>, (2006-11)
                     <aurelien.chanudet@gmail.com>
   Gregory Wright <gwright@comcast.net> (2003-09)
05 Ralf Hemmecke <hemmecke@risc.uni-linz.ac.at>, (2014-05)
                 <ralf@hemmecke.de>,
11 Peter Paule <Peter.Paule@risc.uni-linz.ac.at> (2003-09)
   Carsten Schneider <Carsten.Schneider@risc.uni-linz.ac.at> (2003-09)
16 Gerhard Tonn <gerhardtonn@swol.de> (2003-09)
17 Eric Marsden <emarsden@laas.fr> (2003-09)
18 Kamal Adbali <kabdali@nsf.gov> (2003-09)
19 Daniel Augot <Daniel.Augot@inria.fr> (2004-06)
20 Antoine Hersen <antoine.hersen@aiesec.net>, (2006-11)
                  <antoine.hersen@wanadoo.fr>,
                  <antoine.hersen@gmail.com>
26 Jaap Weel <weel@caltech.edu> (2003-10)
29 Mark Murray <mark@grondar.org>, (2007-07)
               <markm@FreeBSD.org>,
               <markm@FreeBSD.ORG>,
               <markm@freebsd.org>
30 Koen Hillewaert <koenhillewaert@tiscali.be> (2003-09)
   Jinzhong Niu <jniu@gc.cuny.edu> (2004-12)

October 2003 372  1463
07 Hans Peter Wuermli <wurmli@hispeed.ch> (2006-01)
   Francois Maltey <fmaltey@nerim.fr> (2009-05)
20 Wolfgang Zocher <WZocher@t-online.de> (2004-07)
28 Martin Uecker <muecker@gmx.de> (2003-10)
   Vadim V. Zhytnikov <vvzhy@netorn.ru>, (2007-06)
                      <vvzhy@mail.ru>,
                      <vvzhyt@gmail.com>
   Nobuki Takayama <takayama@math.kobe-u.ac.jp> (2003-10)
   Igor Khavkine <igor.khavkine@utoronto.ca> (2007-05)

November 2003 296  1759
05 Gerard Milmeister <gemi@bluewin.ch> (2006-03)
09 Pierre Gnaedig <pierre.gnaedig@laposte.net> (2003-11)
10 Stefan Dirnstorfer <dirnstor@web.de> (2004-01)
   Phil Blundell <pb@nexus.co.uk> (2003-11)
11 Michael K. Johnson <johnsonm@redhat.com> (2003-11)
12 Alexei V. Otboyev <otboyev@inp.nsk.su> (2003-12)
12 Julian Stoev <stoev@users.sourceforge.net> (2003-11)
16 Richard Kreckel <Richard.Kreckel@ginac.de> (2003-11)
   Larry Lambe <l.lambe@bangor.ac.uk> (2006-09)
17 Paul Zimmermann <Paul.Zimmermann@loria.fr> (2007-11)
   Rex Dieter <rdieter@math.unl.edu> (2004-03)
   Roland McGrath <roland@redhat.com> (2003-11)
   Chris Hanson <cph@zurich.csail.mit.edu> (2003-11)
20 Sandra Payette <payette@cs.cornell.edu> (2003-11.txt)
21 Peter Simons <simons@cryp.to> (2004-02)
   Ross Wayland <rlw@virginia.edu> (2003-11)
   Thorny Staples <tls@virginia.edu> (2003-11)
24 Chris Wilper <cwilper@cs.cornell.edu> (2003-11)
   Michel Quercia <michel.quercia@prepas.org> (2003-11)

December 2003  75  1834
10 Nic Doye <nic@uklinux.net>, (2006-07)
            <nic@worldofnic.org>
24 Ingo Molnar <mingo@redhat.com> (2003-12)

January 2004 116  1950
03 Dennis Decker Jensen <ddj@gyxi.dk> (2004-01)
07 Robert Boyer <boyer@cs.utexas.edu> (2007-07)
14 Sam Allen <kvoa@netlane.com> (2004-01)
18 Dacian Tudor <Dacian.Tudor@Comneon.com> (2004-01)
19 Renaud Rioboo <Renaud.Rioboo@lip6.fr>, (2012-07)
                 <renaud.rioboo@lip6.fr>
   Gregoire Lecerf <lecerf@math.uvsq.fr> (2004-01)
   James Davenport <J.H.Davenport@bath.ac.uk> (2007-08)
   Fabrizio Caruso <caruso@posso.dm.unipi.it> (2004-02)
   Charles Miller <c.miller@ms.unimelb.edu.au>, (2005-04)
                  <cfm@ms.unimelb.edu.au>
   Craig Carey <research@ijs.co.nz> (2004-06)
25 Jaime Villate <villate@debian.org> (2004-01)
29 Michal Lijowski <michal@cvu.wustl.edu> (2004-01)

February 2004  77  2027
01 Tez Kamihira <tez@kamihira.com> (2004-02)
12 Chris Sangwin <sangwinc@for.mat.bham.ac.uk> (2004-02)
   Douglas Troeger <dtroeger@cssfs0.engr.ccny.cuny.edu>, (2014-05)
                   <dtroeger@cs.ccny.cuny.edu>
   Bob Caviness <caviness@mail.eecis.udel.edu> (2005-12)
18 Chu-Ching Huang  <cchuang@mail.cgu.edu.tw> (2005-02)
   Offray Vladimir Luna Cardenas <offray.luna@javeriana.edu.co> (2004-02)
20 Gordon Shaw Novak <novak@cs.utexas.edu> (2006-08)
24 Ralf Treinen <treinen@club-internet.fr> (2004-02)

March 2004 105  2132
04 Xin Li <xli96@uwo.ca> (2006-08)
05 Peter Horn <hornp@xinit.org> (2009-03)
18 Bruno Buchberger <Bruno.Buchberger@jku.at> (2009-03)
21 Jim Apple <japple@freeshell.org> (2004-03)
24 Jonathan Hudson <nathanoj@fastmail.fm> (2004-03)
   Jonathan S. Shapiro <shap@eros-os.org> (2004-03)
29 Eugene Surowitz <surow@attglobal.net> (2013-08)
   Clifton Williamson <clifton_williamson@yahoo.com> (2013-10)
31 Nicolas Ratier <nicolas.ratier@lpmo.edu> (2004-04)

April 2004 108  2240
15 Dirk Eddelbuettel <dirk@eddelbuettel.com> (2004-07)
18 Michael Koehne <kraehe@copyleft.de> (2004-10)
   Yoriaki Fujimori <fujimori@ns.fujimori.cache.waseda.ac.jp> (2005-10)
22 Bob McElrath <bob@mcelrath.org>,  (2006-10)
                <bob+axiom@mcelrath.org>
25 Chris Hall <hall.cj@verizon.net> (2004-05)

May 2004 135  2375
03 Helmut Eller <e9626484@stud3.tuwien.ac.at> (2004-05)
05 Andrei Sokolov <alenka_zajka@mail.ru> (2004-05)
06 Jeff Dalton <jeff@inf.ed.ac.uk> (2004-05)
   Tom Johnson <tdjohns1@rockwellcollins.com> (2004-05)
12 Elena Smirnova <elena@orcca.on.ca> (2004-05)
18 David Escott <escott@fas.harvard.edu> (2004-05)
   Siver Andrey <siver@mx.ihep.su> (2004-05)
19 William Kocay <bkocay.cs.umanitoba.ca> (2004-05)
20 Vladimir Bondarenko <vb@cybertester.com> (2007-06)
22 Petri Salmela <pesasa@utu.fi> (2004-05)

June 2004 286  2661
06 Mark Pleszkoch <mpleszkoch@yahoo.com> (2005-05)
08 Serge D. Mechveliani <mechvel@botik.ru> (2004-06)
15 Steve Coast <steve@fractalus.com> (2004-06)
18 Gregory Vanuxem <g.vanuxem@wanadoo.fr>, (2009-04)
                   <vanuxemg@yahoo.fr>,
                   <g.vanuxem@orange.fr>
19 Jelena i Zoran <macak.macak@verizon.net> (2004-06)
22 Daniel Duparc <daniel.duparc@free.fr> (2007-05)
23 David Grande <dgrande@fastq.com> (2004-06)
24 Magnus Larsson <magnus.larsson.k@bredband.net> (2005-08)
27 Jonathan Aidan <aidan@math.jussieu.fr> (2004-06)

July 2004 203  2864
02 Antonio Menezes Leitao <Antonio.Leitao@evaluator.pt> (2004-07)
09 Luanne Burns Goldrich <luannebg@yahoo.com> (2005-11)
13 Michael Keyl <M.Keyl@tu-bs.de> (2004-07)
14 Mathis Heydtmann <M.HEYDTMANN@bham.ac.uk> (2004-07)
   Stephen North <north@research.att.com> (2004-07)
   Mark E. Fenner <fenner@cs.pitt.edu> (2004-07)
29 Marcus Better <marcusb@math.su.se> (2005-06)
   Sam Dooley <sam@integretechpub.com> (2004-08)
   Wen-Shin Lee <wen-shin.lee@sophia.inria.fr> (2004-07)
   Emil Volcheck <volcheck@speakeasy.net>, (2007-05)
                 <volcheck@acm.org>
   Ed Pegg Jr <edpegg@gmail.com> (2004-07)
30 Stephen Wilson <steve@lattice.dyns.cx>, (2011-04)
                  <wilsons@multiboard.com>,
                  <wilsons@start.ca>

August 2004  86  2950
01 Jocelyn Guidry <jgg899@yahoo.com> (2007-07)
06 Heiko Scheit <heiko.scheit@mpi-hd.mpg.de> (2004-08)
09 Kevin Ryde <user42@zip.com.au> (2004-08)
10 Sean Cleary <cleary@sci.ccny.cuny.edu> (2004-08)
   Paul Graham <tryarc@paulgraham.com> (2004-08)
12 Daniel Yokomiso <daniel.yokomiso@minddrome.com> (2004-08)
13 William Naylor <wn@cs.bath.ac.uk> (2014-05)
   Balbir Thomas <thomas.1037@osu.edu> (2005-10)
17 David Lichteblau <david@lichteblau.com> (2011-05)
   Zachary P. Beane <xach@xach.com> (2004-08)
19 Waldek Hebisch <hebisch@math.uni.wroc.pl>, (2014-05)
                  <Waldek Hebisch.integrable-solutions.net>,
                  <Waldemar.Hebisch@math.uni.wroc.pl>
23 Raymond Toy <rtoy@earthlink.net> (2007-07)
25 Brett van de Sande <bvds@geneva.edu> (2004-08)
30 Yannis Chicha <chicha@essi.fr> (2004-10)
   Jinlong Cai <jcai3@uwo.ca> (2004-10)

September 2004  98  3048

October 2004 123  3171
02 Piotr Sawuk <a9702387@unet.univie.ac.at> (2004-10)
22 Daniel Lakeland <dlakelan@street-artists.org> (2004-10)
25 Christopher Chamber <christopher@gem-hs.org> (2004-11)

November 2004 186  3357
02 Alan G. Isaac <aisaac@american.edu> (2004-11)
04 Pierre Doucy <pierre.doucy@gmail.com> (2006-04)
12 Constantine Frangos <cfrangos@telkomsa.net>, (2007-11)
                       <cf@rau.ac.za>
17 Steve Hess <shess@lifshitz.physics.ucdavis.edu> (2004-11)
23 Eugene Chai <eugene@axiomlegal.com> (2004-11)
24 Matthew Kenendy <mkennedy@gentoo.org> (2004-11)
28 Kostas Oikonomou <ko@research.att.com> (2005-05)
29 Patrizia Gianni <gianni@dm.unipi.it> (2005-09)
   Nate Daly <nate@tenkan.org> (2004-11)

December 2004 532  3389
02 Dan Martens <dan@westernitgroup.com> (2004-12)
03 Robert Sutor <sutor@us.ibm.com> (2004-12)
08 Andreas Seidl <seidltm@algebra.fmi.uni-passau.de> (2004-12)
12 Kenny Chamber <kenny@gem-hs.org> (2004-12)
15 Kathy Gerber <kath@skatha.net> (2004-12)
17 Meino Christian Cramer <Meino.Cramer@gmx.de> (2004-12)
   Simon Michael <simon@joyful.com> (2007-07)
20 Leno Pedrotti <Leno.Pedrotti@notes.udayton.edu> (2004-12)
29 Andrea Bedini <andrea@poisson.phc.unipi.it> (2004-12)

January 2005 845  4734
03 Corey Sweeney <corey.sweeney@gmail.com> (2005-01)
04 Gabriel Dos Reis <gdr@cs.tamu.edu>,  (2014-05)
                    <gdr@integrable-solutions.net>,
                    <gdr@acm.org>,
                    <gdr@soliton.cs.tamu.edu>,
                    <open-axiom-devel@lists.sf.net>
07 Edward Grossman <egross@sci.ccny.cuny.edu> (2005-01)
13 Fabio Stumbo <f.stumbo@unife.it>, (2014-05)
                <stf@unife.it>
   Sandip Ray <sandip@cs.utexas.edu> (2005-12)
   Simon Marlow <simonmar@microsoft.com> (2005-01)
   Claus Reinke <claus.reinke@talk21.com> (2005-01)
   Simon Peyton-Jones <simonpj@microsoft.com> (2005-01)
17 Aaron Bentley <abentley@panoramicfeedback.com> (2005-01)
18 Peter Broadbery <peter@obscurity.demon.co.uk>, (2008-08)
                   <Peter@obscurity.demon.co.uk>,
                   <p.broadbery@googlemail.com>
   David Billinghurst <David.Billinghurst@riotinto.com> (2005-06)
21 Terrie Phoenix <terrie@pobox.com> (2005-01)
24 Daniel Stoica <dc_stoica@yahoo.ca> (2005-01)
25 Martin Bravenboer <stratego@cs.uu.nl> (2005-02)
26 Ammar Hakim <ammarhakim777@yahoo.com> (2005-01)
27 Forbes Bagatelle-Black <bagatelle@aerovironment.com> (2005-01)
29 Kamal Abdali <kabdali@lapp2.cise-nsf.gov>, (2005-01)
                <kabdali@nsf.gov>

February 2005 299  5033
02 JCA <1.41421@gmail.com> (2005-02)
   Humberto Ortiz Zuazaga <humberto.ortiz@upr.edu>, (2007-05)
                          <humberto@hpcf.upr.edu>
   Iyad Ajwa <iajwa@ashland.edu> (2005-02)
09 Jeff Muizelaar <jrmuizel@nit.ca> (2005-02)
   Martin Bravenboer <martin@cs.uu.nl> (2005-02)
14 Martin Snelgrove <snelgrove@snowbush.com> (2005-02)
16 Justin Smith <jsmith@drexel.edu> (2005-02)
17 Ning Wang (2005-02)

March 2005 233  5266
07 Pablo De Napoli <pdenapo@yahoo.com> (2007-08)
15 Bernice Rogowitz <bernice@rio.sci.ccny.cuny.edu> (2006-04)
16 Thomas Baruchel <baruchel@laposte.net> (2005-03)
   Zoran Spasojevic (2005-03)
22 rlbk@melix.net (2005-05)
30 Paul Leopardi <paul.leopardi@unsw.edu.au> (2005-03)
   Ian H. Sloan <i.sloan@unsw.edu.au> (2007-03)

April 2005  87  5353
03 Henry Lenzi <henry.lenzi@gmail.com> (2005-04)
08 Walter Neumann <neumann@math.columbia.edu> (2007-11)
18 Martin Ranftler <mranftle@htwm.de>, (2005-04)
                   <martin@ranftler.info>
19 Mark Cahill <M.D.Cahill@bath.ac.uk mdc@cs.bath.ac.uk> (2005-04)

May 2005 202  5555
01 Thierry Dumont <thierry.dumont@math.u-psud.fr> (2005-05)
   Ken Anderson <kanderso@Birchbeer.dsl.bbn.com> (2005-05)
   Jeffrey Morrill <jmorrill@bbn.com> (2005-05)
13 Mark Stephen <mstephen@rcn.com> (2005-05)
12 Christophe Conil <christophe.conil@utbm.fr> (2005-05)
14 Quentin Carpent <quentin.carpent@utbm.fr> (2005-05)
   Eric Bachard <eric.bachard@free.fr> (2005-05)
16 Stephen Wolfram <sw-office@wolfram.com> (2005-12)
17 pacheco (2005-05)
26 Renaud Bechade <renaud.bechade@numerix.com> (2005-05)
27 Steve Sekula <sekula@mcelrath.org> (2005-05)
   Kyle Cranmer <cranmer@cern.ch> (2005-05)
   R. Sean Bowman <rsbowman@rootnode.com> (2005-05)
   <frat.frat@laposte.net> (2005-05)
   Sigbert Klinke <sigbert@wiwi.hu-berlin.de> (2005-05)
   Drew Moore <drew@astro.pas.rochester.edu> (2005-05)
30 Sergey Ten <st271@netvision.net.il> (2005-05)

June 2005 433  5988
02 Chris DiBona <cdibona@google.com> (2005-06)
   Heow Eide-Goodman <heow@AlphaGeeksInc.com>, (2009-03)
                     <heow@alphageeksinc.com>
   hitchhiker2004@gmail.com (2005-06)
   Kai Kaminski <kaminski.kai@gmx.de>, (2013-04)
                <kai.kaminski@gmail.com>,
                <k0k@gmx.de>
13 Oswald Gschnitzer <oswald@mathi.uni-heidelberg.de> (2005-06)
   Michael Stoll <m.stoll@iu-bremen.de> (2005-06)
24 Felipe Bugno <necron@bol.com.br> (2005-06)
28 Norman Chonacky <norman.conacky@yale.edu> (2005-06)
   David Winch <winch@taosnet.com> (2005-06)

July 2005 216  6204
07 Domenico (2005-07)
   Joerg van den Hoff <j.van_den_hoff@fz-rossendorf.de> (2005-07)
   Marc Battyani <marc.battyani@fractalconcept.com> (2005-07)
08 Davide P.Cervone <dpvc@union.edu> (2005-12)
15 Jorge Daza <jorge.daza@gmail.com> (2005-07)
22 Gernot Hueber <hueber@riic.at>, (2007-07)
                 <ghue@xmt.at>

August 2005 264  6468
11 Ryan Krauss <ryanfedora@comcast.net> (2005-08)
   Warren Hunt <hunt@cs.utexas.edu> (2007-06)
   Gordon Shaw Novak <novak@cs.utexas.edu> (2006-08)
13 Ruiz Aguilera <josemaria@ieee.org> (2005-08)
25 M. Edward (Ed) Borasky <zznmeb@gmail.com>, (2010-02)
                          <znmeb@cesmail.net>
26 Juho Snellman <jsnell@iki.fi> (2007-05)
28 Jens Axel Segaard <jensaxel@soegaard.net> (2005-12)

September 2005 291  6759
02 Allen Rouse <allenr@grandecom.net> (2005-09)
21 Lionel Elie Mamane <lionel@mamane.lu> (2005-09)
24 Andrea Rizzi <rizzi@kde.org> (2005-09)
26 Alan Eliasen <eliasen@mindspring.com> (2005-09)
27 Stephen Watt <watt@scl.csd.uwo.ca>, (2011-10)
                <Stephen.Watt@uwo.ca>,
                <watt@aldor.org>
30 Michael Brickenstein <brickenstein@mfo.de> (2005-10)

October 2005 380  7139
03 Tony Hearn <hearn@rand.org> (2005-10)
   Winfried Neun <neun@zib.de> (2005-10)
11 Varun (2005-10)
14 Brian Kennedy <BrianK@TargetedConvergence.com> (2005-10)
25 Bertrand Roessli <bertrand.roessli@psi.ch> (2005-10)
30 Bill Clementson <billclem@gmail.com> (2005-10)

November 2005 553  7692
03 Scott Morrison <scott.c.morrison@gmail.com> (2009-04)
04 Karl Hegbloom <hegbloom@pdx.edu>, (2008-12)
                 <karl.hegbloom@gmail.com>
07 Dan Zwillinger <zwilling@world.std.com>, (2005-11)
                  <zwilling@az-tec.com>
08 Jay Belanger <belanger@truman.edu>, (2007-07)
                <jay.p.belanger@gmail.com>
09 Stephane Dalmas <Stephane.Dalmas@sophia.inria.fr> (2007-03)
12 Doug Stewart <dastew@sympatico.ca> (2014-05)
19 Stephen Compall <s11@member.fsf.org> (2005-11)
29 Eitan Gurari <gurari@cse.ohio-state.edu> (2007-10)
30 Freek Wiedijk <freek@cs.kun.nl> (2005-11)
   Robert Lefkowitz <r0ml@r0ml.net> (2005-11)

December 2005 388  8080
10 Eli Zaretskii <eliz@gnu.org> (2005-12)
11 Peter Ulrich Kruppa <root@pukruppa.de> (2006-03)
13 Arthur Ralfs <acralfs@shaw.ca>, (2013-05)
                <arthur@mathbrane.ca>,
   Keith Briggs <keith.briggs@bt.com> (2005-12)
15 Matthias Heiler <heiler@gmx.de> (2005-12)
   Derek Rayside <drayside@MIT.EDU> (2006-08)
16 Paulo Jabardo <pjabardo@yahoo.com.br> (2005-12)
17 Benno Fuchssteiner <bf@fuchssteiner.de> (2005-12)
19 Alfredo Portes <doyenatccny@gmail.com> (2012-06)
                  <alfredo.portes@gmail.com>
22 Richard Harke <rharke@earthlink.net> (2007-09)

January 2006 204  8284
05 David Kotz <dkotz@cs.utexas.edu> (2006-01)
   Wilfred Legato <wjlegato@erols.com> (2006-01)
   Kay Nettle <pkn@cs.utexas.edu> (2006-01)
09 Matijs van Zuijlen <Matijs.van.Zuijlen@xs4all.nl> (2006-01)
16 Daniel Listas <daniel-listas@gmx.net> (2006-01)
22 Raymond E. Rogers <rrogers@plaidheron.com> (2011-11)
26 Wilken Rivera <wrivera@rio.sci.ccny.cuny.edu>, (2006-07)
                 <wrivera00@gmail.com>
30 Yigal Weinstein <yigal.weinstein@gmail.com> (2006-01)

February 2006 383  8667
01 Juan Gea Rosat (2006-02)
   Robert Dodier <robert.dodier@gmail.com> (2007-07)
02 Igor Durdanovic (2006-02)
   Alvaro Tejero Cantero (2006-02)
03 Tom Ashby (2006-10)
08 Alejandro Jakubi <jakubi@df.uba.ar> (2006-10)
09 Laurentiu Dragan <ldragan@uwo.ca> (2007-09)
14 Scott Kirkwood <scottakirkwood@gmail.com> (2006-02)
   Gianluca Gregori <ggregori@ureach.com> (2006-02)
19 Nikolay Ivanov (2006-02)

March 2006 322  8989
05 Sylvain Beucler <beuc@gnu.org>, (2006-03)
                   <savannah-bounces@gnu.org>
06 Tim Yamin <plasmaroo@gentoo.org> (2006-03)
07 Jean-Christophe Helary <jch.helary@free.fr>, (2006-04)
                          <fusion@mx6.tiki.ne.jp>
10 Nicolas Neuss <Nicolas.Neuss@iwr.uni-heidelberg.de> (2006-03)
12 Bill Walster <Bill.Walster@sun.com> (2006-03)
16 Gary King <gwking@metabang.com> (2006-03)
28 Jiri Palecek <jpalecek@web.de> (2006-03)
31 Qiaoyan Liang <q.liang@ugrad.unimelb.edu.au> (2006-03)

April 2006 432  9421
04 Christian Aistleitner <tmgisi@gmx.at>, (2007-09)
                         <christian.aistleitner@gmx.at>,
                         <7z5rdpq@gmx.net>
07 Charalambos Harry Georgiou <harry.georgiou@blueyonder.co.uk> (2006-04)
14 Peter Dillinger <peterd@cc.gatech.edu> (2006-04)
20 Benjamin Kosnik <bkoz@redhat.com> (2007-07)
   Petr Hlineny <hlineny@fi.muni.cz> (2006-04)
   Bernhard Gittenberger <bgitten@dmg.tuwien.ac.at> (2007-05)
25 Leslie Hawthorn <lhawthorn@google.com> (2006-04)
30 Yegor Bryukhov <ybryukhov@gmail.com> (2006-06)

May 2006 231  9652
16 Christian Lynbech <christian@defun.dk> (2006-05)
22 Jaakko Jarvi <jarvi@cs.tamu.edu> (2006-08)

June 2006  68  9720
11 Jose Mestizo <jose.mestizo@gmail.com> (2006-06)
14 Richard Putman <public@codephrenic.plus.com> (2006-06)

July 2006 275  9995
17 Scott Collison <scott@ohloh.net> (2006-08)
18 Ivan Savov <ivan.savov@gmail.com> (2006-07)
25 Jacques Carette <carette@mcmaster.ca> (2007-04)
26 Jeremy Siek <jeremy.siek@gmail.com> (2007-04)
29 Marc Moreno Maza <moreno@scl.csd.uwo.ca> (2006-08)
31 Soren Hansen <sh@linux2go.dk> (2006-07)

August 2006 638 10633
04 Frithjof Schulze <frithjof@minet.uni-jena.de> (2006-09)
05 Jason Allen <jason@ohloh.net> (2006-08)
   William Stein <wstein@gmail.com> (2010-01)n
06 Tom Boothby <boothby@u.washington.edu> (2006-09)
21 Igor Khavkine <igor.kh@gmail.com> (2007-05)

September 2006 769 11402
06 David Harvey <dmharvey@math.harvard.edu> (2006-09)
   Waqar Malik <waqar@opendarwin.org>, (2006-09)
               <wmalloc@gmail.com>
13 Enrique Acosta <enriqueacostajaramillo@gmail.com> (2006-09)
22 Juan M. Bello Rivas <jmbr@superadditive.com> (2006-11)
28 Ben Collins-Sussman <sussman@google.com> (2006-11)

October 2006 799 12201
05 Jaroslov Rosenberger <jaroslov@gmail.com> (2007-01)
13 Jurgen Gerhard <jgerhard@maplsoft.com> (2006-10)
18 William Hart <hart_wb@yahoo.com> (2006-10)
23 John R Harrison <johnh@ichips.intel.com> (2006-10)
24 David Joyner <wdjoyner@gmail.com>, (2008-07)
                <wdj@usna.edu>
26 Colin Turner <c.turner@ulster.ac.uk> (2006-11)
   Tom Hargreaves <hex@freezone.co.uk> (2006-11)
27 Sankara Muthukrishnan <sankara@tamu.edu> (2006-10)
   Xiaolong Tang <txlzte@neo.tamu.edu> (2006-10)
30 Arthur Dickinson <adickinson@cfl.rr.com> (2006-10)
   Paul vL <litter@graffiti.net> (2006-10)

November 2006 917 13118
01 Raymond Manzoni <raymman@free.fr> (2006-11)
02 Juan M. Bello Rivas <jmbellorivas@gmail.com> (2006-11)
07 Greg Ewing <greg.ewing@canterbury.ac.nz> (2006-11)
14 Franz Huber <fhub@gmx.at> (2007-09)
16 Ludovic Courtes <ludovic.courtes@laas.fr> (2006-11)
24 Andreas Kloeckner <lists@informa.tiker.net> (2006-11)
26 Jurgis Pralgauskis <jurgis.pralgauskis@gmail.com>, (2006-11)
                      <jurgpral@soften.ktu.lt>
   Jean-Pierre Vial <jpvial@nerim.net> (2006-11)

December 2006 171 13289
18 billitch <billitch@yahoo.fr> (2006-12)
20 David Burley <burley@users.sourceforge.net> (2006-12)

January 2007 119 13408
03 Franz Lehner <lehner@finanz.math.tu-graz.ac.at>, (2010-07)
                <lehner@bayou.uni-linz.ac.at>
16 Guy Steele <guy.steele@sun.com> (2007-01)
              <Guy.Steele@sun.com>
19 Francesco Montorsi <f18m_cpp217828@yahoo.it> (2007-01)
26 Thomas Wiesner <thomas@bau-konform.at> (2007-01)

February 2007 247 13655
09 Brent Fulgham <bfulg@pacbell.net> (2007-02)
25 Ralf Stephan <ralf@ark.in-berlin.de> (2007-03)

March 2007 237 13892
14 Rainbow Sally <rainbowsally@zippnet.net> (2007-03)
16 Neil Sloane <njas@research.att.com> (2007-03)
23 Justin C. Walker <justin@mac.com> (2007-03)
26 Ondrej Certik <ondrej@certik.cz>, (2008-02)
                 <ondreg@certik.cz>

April 2007 421 14313
09 Markus Cozowicz <eisber@eisber.net> (2007-08)
10 Alasdair McAndrew <amca01@gmail.com>, (2014-01)
                     <Alasdair.McAndrew@vu.edu.au>
   Austin Lobo <alobo2@washcoll.edu> (2007-04)
12 Jeremy Siek <jeremy.siek@colorado.edu> (2007-04)

May 2007 682 14995
15 Dustin Long <dlong@stevens.edu> (2007-05)
18 Edward Ream <edreamleo@charter.net> (2007-05)
20 Daniel Duparc <daniel.duparc@free.fr> (2007-05)
24 Henri Lesourd <texmacs@free.fr> (2007-05)

June 2007 709 15704
06 Mike Hansen <mhansen@gmail.com> (2008-11)
15 Terry Parks <wizard@centtech.com> (2007-06)
23 Sumant S.R. Oemrawsingh <soemraws@xs4all.nl> (2007-06)
30 Klaus Grue <grue@diku.dk> (2007-07)

July 2007 700 16404
06 Raymond Toy <raymond.toy@ericsson.com> (2007-07)
10 Didier Deshommes <dfdeshom@gmail.com> (2007-08)
11 Robert Sumner <robert.sumners@amd.com> (2007-07)
   Jared Davis <jared@cs.utexas.edu> (2007-07)
12 Yalcin Oksuz <yalcinoksuz@yahoo.com> (2007-07)
13 David Bindel <dbindel@cims.nyu.edu> (2007-07)
24 George Labahn <glabahn@cs.uwaterloo.ca> (2007-07)

August 2007 498 16902
08 Bill Wood <william.wood3@comcast.net> (2007-08)
10 Pete Chvany <pchvany@math.harvard.edu> (2007-08)
26 Pablo De Napoli <pdenapo@gmail.com> (2007-08)

September 2007 248 17150
05 Dave Feustel <dfeustel@mindspring.com> (2007-09)

October 2007 106 17256
22 Robert Funnell <robert.funnell@mcgill.ca> (2007-10)

November 2007 108 17364
19 Casey Cunningham <rcunnin2@hotmail.com> (2007-11)
26 Dennis Stein <dsteinsd@gmail.com> (2007-11)
27 Chris Arena <chris.arena@gmail.com> (2007-11)

December 2007 178 17542
03 Alexei Sheplyakov <varg@theor.jinr.ru> (2007-12)
14 Bill Reinhardt <bigbill.reinhardt@gmail.com> (2007-12)
18 Michael Abshoff <michael.abshoff@googlemail.com> (2008-05)

January 2008  70 17612

February 2008  64 17676

March 2008  83 17759
18 Lennin Sanchez <lennin.sanchez@cinetsolutions.net> (2008-03)
23 Raymond E. Rogers <rayrogers@roadrunner.com>, (2011-11)
                     <raymond.rogers72@gmail.com>
30 Joseph North <joseph.north@gmail.com> (2008-04)
   Mike McCants <mmccants@io.com> (2008-04)
   Theodore Morris <tfmorri@attglobal.net> (2008-04)
   Steve Wozniak <steve@woz.org> (2008-04)
   Lance Lee <llee4@austin.rr.com> (2008-04)
   Robert Folk <rlfolk@mail.utexas.edu> (2008-04)
   David Dunham <dunham@starpower.net> (2008-04)
   Som Naimpally <somnaimpally@yahoo.ca> (2008-04)
   William S. Beebee <wsb@alum.mit.edu> (2008-04)
   Steven Bauer <steven.bauer@amd.com> (2008-04)

April 2008  82 17841
20 Ted Kosan <ted.kosan@gmail.com> (2010-03)
22 Christopher Scholz <scholz@newgenerationx.de> (2008-04)
28 Anatoly Raportirenko <ram@sunct1.jinr.ru> (2008-06)
30 Zach Smith <elzacho@gmail.com> (2008-06)

May 2008 115 17956
07 Michael Abshoff <mabshoff@googlemail.com> (2008-05)
08 Troy Dawson <dawson@fnal.gov> (2008-05)
13 Andreas Dolzmann <dolzman@fmi.uni-passau.de> (2008-05)
   Thomas Sturm <sturm@fmi.uni-passau.de> (2008-05)
18 Aleksej Saushev <asau@inbox.ru> (2010-01)
29 Dan Hatton <vi5u0-axiom@yahoo.co.uk> (2010-11)

June 2008  60 18016
06 Judith Stafford <jas@cs.tufts.edu> (2008-06)
20 Michael Grossberg <michaeldg@gmail.com> (2008-07)

July 2008  43 18059

August 2008  45 18104
01 Adam Williamson <awilliamson@mandriva.com> (2008-08)
19 Pippijn van Steenhoven <pip88nl@gmail.com> (2008-09)

September 2008  54 18158
24 Amelia Taylor <originalbrickhouse@gmail.com>, (2008-09)
                 <amelia.taylor@coloradocollege.edu>
   Gregory G. Smith <ggsmith@mast.queensu.ca> (2008-09)
25 John Cremona <john.cremona@gmail.com> (2008-09)

October 2008  23 18181
13 Roberto Brunelli <brunelli@fbk.eu> (2008-10)

November 2008  48 18229
09 Nicolas Thiery <Nicolas.Thiery@u-psud.fr> (2009-08)
   Teresa Gomez-Diaz <teresa.gomez-diaz@univ-mlv.fr> (2008-11)
15 Chris Walker <chrisw@chiark.greenend.org.uk>,  (2008-11)
26 Tim Lahey <tim.lahey@gmail.com> (2008-11)

December 2008  67 18296
14 Roberto Cari <rcari2000@yahoo.com> (2008-12)

January 2009  22 18318
29 Helmut Jarausch <jarausch@igpm.rwth-aachen.de> (2014-05)

February 2009  41 18359
28 Liu Xiaojun <tigertooth4@gmail.com> (2009-02)

March 2009  38 18397
17 Peter Horn <horn@mathematik.uni-kassel.de> (2009-03)
   Dan Roozemond <d.a.roozemond@tue.nl> (2009-03)
25 Sergio Polini <sp_rm_it@yahoo.it> (2009-03)
26 Simon Blomberg <s.blomberg1@uq.edu.au> (2009-03)
27 Alex Plotnick <plotnick@cs.brandeis.edu> (2009-03)
31 Michael Becker <Michael.Becker@coconet.de>, (2010-01)
                  <coconet.de@axiom-developer.org>

April 2009 110 18507
08 Igor Pashev <pashev.igor@gmail.com> (2009-04)
09 Hans-Georg Pabst <hpabst@csc.com> (2009-04)

May 2009   7 18514

June 2009  31 18545
07 Titus Piezas <tpiezas@gmail.com> (2009-06)
16 Arnold Doray <arnold@terra-weather.com> (2009-06)
21 <ekhaya.lindsay@gmail.com> (2009-06)

July 2009  22 18567
30 Eduardo Cavazos <wayo.cavazos@gmail.com> (2009-08)

August 2009  20 18587
03 Alex Fabijanic <aleksf.alex@gmail.com> (2009-08)
15 Steven Segletes <steven@arl.army.mil> (2009-08)

September 2009   8 18595

October 2009  18 18613
02 James Onyx <james@onyx.nurealm.net> (2009-10)

November 2009  80 18693
26 Rafal Ablamowicz <rablamowicz@tntech.edu> (2009-11)
28 Christoph Egger <debian@christoph-egger.org> (2009-11)

December 2009  17 18710
04 Rich Hickey <richhickey@gmail.com> (2009-12)
19 Lee Duhem <lee.duhem@gmail.com> (2010-01)

January 2010  45 18755
01 Krivanek <krivanek@ida.net> (2010-01)
13 Paulo Andrade <pcpa@mandriva.com.br> (2010-01)

February 2010   9 18764
22 Sergio Iovacchini <sergio.iovacchini@evosist.org> (2010-02)
24 Joel Spolsky <joel@joelonsoftware.com> (2010-02)
27 Rupinder Singh <rupinder.singh@nsitonline.in> (2010-02)

March 2010  29 18793
08 Daniel de Angelis Cordeiro <Daniel.Cordeiro@imag.fr> (2010-07)
15 Joop Renes <jooprenes@tele2.nl> (2010-03)
31 Bernd Paetzel <bernd.paetzel@versanet.de> (2010-04)

April 2010   9 18802
15 Demitri Muna <demitri.muna@nyu.edu> (2010-04)

May 2010  12 18814
10 Timothy Philip Carson <tpc@cmu.edu> (2010-05)
14 Klaus Causemann <Klaus.Causemann@t-online.de> (2010-05)

June 2010  28 18842
22 Dave Parnas <parnas@mcmaster.ca> (2010-06)
   Albert D. Rich <Albert_Rich@msn.com> (2010-06)

July 2010  30 18872
08 Grigory Sarnitskiy <sargrigory@ya.ru>, (2012-06)
                      <sargrigory@yandex.ru>
09 Franz Lehner <lehner@math.tugraz.at> (2010-07)
13 Daniel Cordeiro <cordeiro-pasco2010@imag.fr> (2010-07)
15 Vladimir Skokov <vvskokov@gmail.com> (2010-07)
18 Guillaume Yziquel <guillaume.yziquel@citycable.ch> (2010-08)
21 John Briggs <johneb47@optusnet.com.au> (2010-07)
26 Peter Thomas-Stutte <dr.peter.thomas@t-online.de> (2010-07)

August 2010  15 18887

September 2010  10 18897
24 Ingo Rullhusen <d01c@uni-bremen.de> (2010-09)

October 2010  18 18915
01 David Russinoff <david.russinoff@amd.com> (2010-10)
   Pete Manolios <pete@ccs.neu.edu>, (2010-10)
                 <pmanolios@gmail.com>
14 Thomas Krennwallner <tkren@kr.tuwien.ac.at> (2010-10)
19 Rob A Nendorf <r_nendo@yahoo.com> (2010-10)
20 Robert Smith <quadricode@gmail.com> (2010-10)
26 Thomas Kahle <tom111@gmx.de> (2010-10)
27 Donald Winiecki <dwiniecki@boisestate.edu> (2013-09)
28 Jerry James <loganjerry@gmail.com> (2010-10)

November 2010   5 18920
19 Dan Hatton <vi5u0-maxima@yahoo.co.uk> (2010-11)

December 2010   1 19821

January 2011   5 18926
04 Alan Hutchinson <alanhut@googlemail.com> (2011-01)

February 2011  14 18940
01 Kenneth Evans <ken@kenevans.net> (2011-02)
03 Leon Dutoit <wcth241@yahoo.fr> (2012-01)

March 2011   1 18941

April 2011   7 18948
13 Donald Menken <d.menken@sbcglobal.net> (2011-04)

May 2011  26 18974
09 Dan Mahoney <mahoney@lanl.gov> (2011-05)
   Marian Anghel <manghel@lanl.gov> (2011-05)
16 David Lichteblau <david@lichteblau.com> (2011-05)
   Daniel Herring <dherring@tentpost.com> (2011-05)
21 Doug Telford <doug@dougtelford.com> (2011-05)
22 Johannes Grabmeier <johannes@grabmeier.net>, (2013-11)
                      <johannes.grabmeier@fh-deggendorf.de>

June 2011   0 18974

July 2011   4 18978

August 2011  13 18991

September 2011  13 19004
22 Dmitry Semikin <dmitry.semikin@gmail.com> (2011-09)

October 2011  25 19029
14 David Mould <d.mould@btinternet.com> (2011-10)
25 Paul-Olivier Dehaye <paulolivier@gmail.com> (2011-10)
27 Daniel Jomphe <danieljomphe@gmail.com> (2011-11)
28 Tassilo Horn <tassilo@member.fsf.org> (2011-10)
   Stefan Kamphausen <ska2342@googlemail.com> (2011-10)
   Michael Jaaka <michael.jaaka@googlemail.com> (2011-10)

November 2011  28 19057
07 Leon Baum <leonbaum2@gmail.com> (2011-11)
20 Roberto Mannai <robermann@gmail.com> (2011-11)

December 2011  14 19071
04 Minh Nguyen <nguyenminh2@gmail.com> (2011-12)
18 Udo Ott <Udo.Ott@tu-bs.de> (2012-01)
23 Adam Getchell <adam.getchell@gmail.com> (2011-12)
25 Jay Edwards <jay@meangrape.com> (2011-12)
   Nick Church <nchubrich@gmail.com> (2011-12)

January 2012  22 19093

February 2012   2 19095

March 2012   2 19097
28 Obri John <obri.jo@gmail.com> (2012-03)

April 2012   9 19106

May 2012   0 19106

June 2012  11 19117

July 2012  11 19128
06 Rigoberto Gomez Cruz <rgomez@uniandes.edu.co> (2012-07)
10 Kurt Pagani <kp@scios.ch> (2012-07)

August 2012   0 19128

September 2012   2 19130 

October 2012   0 19130

November 2012   0 19130

December 2012   0 19130

January 2013   7 19137
17 Johann Dirry <johann.dirry@a1.net> (2013-01)

February 2013   0 19137

March 2013   4 19141
13 Renaud Rioboo <Renaud.Rioboo@ensiie.fr> (2012-07)
14 Jia Zhao Cong <jiazhaoconga@gmail.com> (2014-05)

April 2013  30 19171
01 Andrey Bulychev <a.a.letterbox@gmail.com> (2013-04)
13 <genkuro2@mail.ru> (2013-04)
23 Gabriel Gino Vincent <gabrielgvincent@gmail.com> (2013-04)

May 2013   3 19174
09 Frederic Wang <fred.wang@free.fr> (2005-02)
   Jacob Benoit <jacob.benoit.1@gmail.com> (2013-05)

June 2013   0 19174

July 2013   0 19174

August 2013   6 19180
31 Paul Selick <selick@math.toronto.edu> (2013-09)

September 2013  18 19198
01 Aage Andersen <aaan@webspeed.dk> (2013-09)
04 John Lapeyre <lapeyre.math122a@gmail.com> (2013-09)
06 Leo Butler <l_butler@users.sourceforge.net> (2013-09)

Octoboer 2013  14 19212
28 Matteo Serventi <serventi.matteo@gmail.com> (2013-10)
   Boris Tschirschwitz <borist@me.com> (2013-10)

November 2013  52 19264
16 Paul Onions <ponions37@gmail.com> (2013-11)

December 2013   2 19266
05 Wolfram Koepf <koepf@mathematik.uni-kassel.de> (2013-12)
06 Gerwin Klein <gerwin.klein@nicta.com.au> (2013-12)

January 2014   9 19275

February 2014   0 19275

March 2014   5 19280

April 2014   2 19282

May 2014  53 19335
11 Michael Kohlhase <m.kohlhase@jacobs-university.de> (2014-05)
18 John Kitchin <jkitchin@andrew.cmu.edu> (2014-05)
21 Marshall Abrams <marshall@logical.net> (2014-05)
22 Gregg Reynolds <dev@mobileink.com> (2014-05)
   Doug Stewart <dastew@sympatico.ca> (2014-05)
   Gary Johnson <gwjohnso@uvm.edu> (2014-05)
30 Lawrence Bottorff <hercynianforest@gmail.com> (2014-05)
